{
  "Arica y Parinacota": ["Arica","Camarones","Putre","General Lagos"],
  "Tarapacá": ["Iquique","Alto Hospicio","Pozo Almonte","Camiña","Colchane","Huara","Pica"],
  "Antofagasta": ["Antofagasta","Mejillones","Sierra Gorda","Taltal","Calama","Ollagüe","San Pedro de Atacama","Tocopilla","María Elena"],
  "Atacama": ["Copiapó","Caldera","Tierra Amarilla","Chañaral","Diego de Almagro","Vallenar","Freirina","Huasco","Alto del Carmen"],
  "Coquimbo": ["La Serena","Coquimbo","Andacollo","La Higuera","Paiguano","Vicuña","Illapel","Canela","Los Vilos","Salamanca","Ovalle","Combarbalá","Monte Patria","Punitaqui","Río Hurtado"],
  "Valparaíso": ["Valparaíso","Viña del Mar","Concón","Quintero","Puchuncaví","Quilpué","Villa Alemana","Casablanca","Juan Fernández","San Antonio","Cartagena","El Tabo","El Quisco","Algarrobo","Santo Domingo","San Felipe","Llaillay","Catemu","Santa María","Panquehue","Putaendo","Los Andes","Calle Larga","Rinconada","Quillota","La Calera","Hijuelas","La Cruz","Nogales","Petorca","Cabildo","Papudo","Zapallar"],
  "Región Metropolitana": ["Santiago","Cerrillos","Cerro Navia","Conchalí","El Bosque","Estación Central","Huechuraba","Independencia","La Cisterna","La Florida","La Granja","La Pintana","La Reina","Las Condes","Lo Barnechea","Lo Espejo","Lo Prado","Macul","Maipú","Ñuñoa","Pedro Aguirre Cerda","Peñalolén","Providencia","Pudahuel","Quilicura","Quinta Normal","Recoleta","Renca","San Joaquín","San Miguel","San Ramón","Vitacura","Puente Alto","Pirque","San José de Maipo","Colina","Lampa","Tiltil","San Bernardo","Buin","Paine","Calera de Tango","Melipilla","Alhué","Curacaví","María Pinto","San Pedro","Talagante","El Monte","Isla de Maipo","Padre Hurtado","Peñaflor"],
  "O'Higgins": ["Rancagua","Machalí","Graneros","Codegua","Mostazal","Requínoa","Rengo","Malloa","Olivar","Doñihue","Coltauco","Coinco","Quinta de Tilcoco","San Vicente","Pichidegua","Peumo","Las Cabras","San Fernando","Chimbarongo","Nancagua","Placilla","Santa Cruz","Pumanque","Peralillo","Chépica","Lolol","Palmilla","Pichilemu","Litueche","Marchigüe","La Estrella","Navidad"],
  "Maule": ["Talca","San Clemente","Pelarco","Río Claro","Maule","Curepto","Pencahue","Empedrado","Constitución","Curicó","Teno","Romeral","Molina","Sagrada Familia","Hualañé","Licantén","Vichuquén","Linares","San Javier","Villa Alegre","Yerbas Buenas","Colbún","Longaví","Parral","Retiro","Cauquenes","Chanco","Pelluhue"],
  "Ñuble": ["Chillán","Chillán Viejo","Bulnes","Quillón","San Ignacio","El Carmen","Pemuco","Yungay","Pinto","Coihueco","San Carlos","Ñiquén","San Fabián","San Nicolás","Ninhue","Quirihue","Cobquecura","Trehuaco","Portezuelo","Ránquil","Coelemu"],
  "Biobío": ["Concepción","Talcahuano","Hualpén","San Pedro de la Paz","Chiguayante","Penco","Tomé","Coronel","Lota","Hualqui","Santa Juana","Florida","Cabrero","Yumbel","Negrete","Nacimiento","Laja","San Rosendo","Mulchén","Quilaco","Quilleco","Los Ángeles","Antuco","Tucapel","Alto Biobío","Arauco","Curanilahue","Los Álamos","Lebu","Cañete","Contulmo","Tirúa"],
  "La Araucanía": ["Temuco","Padre Las Casas","Lautaro","Perquenco","Galvarino","Cholchol","Nueva Imperial","Carahue","Saavedra","Teodoro Schmidt","Toltén","Villarrica","Pucón","Curarrehue","Cunco","Melipeuco","Vilcún","Freire","Gorbea","Loncoche","Pitrufquén"],
  "Los Ríos": ["Valdivia","Corral","Lanco","Máfil","Mariquina","Paillaco","Los Lagos","Panguipulli","La Unión","Río Bueno","Futrono","Lago Ranco"],
  "Los Lagos": ["Puerto Montt","Puerto Varas","Llanquihue","Frutillar","Maullín","Calbuco","Cochamó","Osorno","San Juan de la Costa","Puyehue","Río Negro","Purranque","Puerto Octay","Chaitén","Futaleufú","Palena","Hualaihué","Castro","Ancud","Quellón","Dalcahue","Quemchi","Curaco de Vélez","Quinchao","Puqueldón"],
  "Aysén": ["Coyhaique","Aysén","Cisnes","Guaitecas","Lago Verde","Río Ibáñez","Chile Chico","Cochrane","O'Higgins","Tortel"],
  "Magallanes": ["Punta Arenas","Natales","Torres del Paine","Laguna Blanca","Río Verde","San Gregorio","Porvenir","Primavera","Timaukel","Cabo de Hornos","Antártica"]
}
